first,last,paired-recovery
26,109,0.78125
172,236,1.0
217,277,0.8823529411764707
240,298,0.7352941176470588
274,338,1.0
5654,5708,0.8888888888888888
6387,6453,0.8636363636363635
9569,9623,0.6875000000000001
10465,10526,0.7
12154,12208,0.7272727272727273
12193,12254,0.8461538461538461
12269,12323,0.6875000000000001
12772,12827,0.5416666666666666
12886,12944,1.0
12949,13010,0.8095238095238095
13348,13403,0.7692307692307693
13371,13436,0.8
13439,13507,0.46428571428571425
13470,13529,0.5
13656,13711,0.9
13743,13798,1.0
14631,14707,0.65625
14679,14737,0.8214285714285714
14731,14797,0.8571428571428571
14862,14920,0.6666666666666666
14973,15028,0.6249999999999999
15051,15118,0.8333333333333333
15105,15160,0.9230769230769231
15222,15277,0.7142857142857143
15331,15387,0.75
16411,16465,0.7500000000000001
16815,16870,0.9411764705882353
16998,17059,0.7647058823529412
17121,17176,0.7727272727272727
17511,17566,1.0
17727,17785,0.625
17838,17896,1.0
18177,18235,1.0
19605,19659,0.6875000000000001
20094,20150,0.9230769230769231
25374,25429,1.0
25528,25582,0.78125
26172,26247,0.5625
26213,26281,0.8846153846153846
26250,26320,1.0
26295,26350,0.9
26313,26414,0.9583333333333334
26406,26461,1.0
26446,26501,0.9230769230769231
26478,26534,1.0
26765,26820,0.8333333333333334
27014,27082,0.736842105263158
27074,27131,0.7666666666666666
27146,27201,0.6363636363636364
27164,27232,0.85
27367,27425,0.46875
27498,27553,0.65
27752,27813,0.6333333333333333
27776,27838,0.75
28251,28313,0.625
28387,28442,0.75
28494,28556,0.75
28654,28708,0.7727272727272727
28725,28814,0.62
28852,28906,0.9090909090909091
28963,29017,1.0
28990,29054,1.0
29155,29216,0.9166666666666667
29209,29272,0.868421052631579
29266,29325,0.7187500000000001
29339,29414,0.5625
29524,29586,0.7727272727272727
29579,29650,0.6818181818181818
29633,29707,0.875
29670,29727,0.8571428571428572
29690,29744,0.7352941176470588
29714,29777,0.90625
29767,29877,0.42105263157894735
29852,29882,0.5
