first,last,unpaired-recovery
26,109,0.6730769230769231
172,236,0.4444444444444445
217,277,0.5555555555555556
240,298,0.36000000000000004
274,338,0.5454545454545454
5654,5708,0.8108108108108109
6387,6453,0.8
9569,9623,0.8717948717948718
10465,10526,0.65625
12154,12208,0.8181818181818182
12193,12254,0.9722222222222222
12269,12323,0.5641025641025641
12772,12827,0.5937500000000001
12886,12944,0.5428571428571428
12949,13010,0.6
13348,13403,0.3666666666666667
13371,13436,0.2826086956521739
13439,13507,0.5609756097560975
13470,13529,0.55
13656,13711,0.5
13743,13798,0.75
14631,14707,0.8
14679,14737,0.9032258064516129
14731,14797,0.76
14862,14920,0.723404255319149
14973,15028,0.40625000000000006
15051,15118,0.42105263157894735
15105,15160,0.5333333333333333
15222,15277,0.6785714285714286
15331,15387,0.4
16411,16465,0.6296296296296297
16815,16870,0.6363636363636364
16998,17059,0.8214285714285715
17121,17176,0.35294117647058826
17511,17566,0.6538461538461537
17727,17785,0.9019607843137255
17838,17896,1.0
18177,18235,0.6744186046511628
19605,19659,0.6956521739130435
20094,20150,0.9677419354838711
25374,25429,1.0
25528,25582,0.5652173913043478
26172,26247,0.4772727272727273
26213,26281,0.5581395348837209
26250,26320,0.4705882352941177
26295,26350,0.4565217391304348
26313,26414,0.4871794871794872
26406,26461,0.43181818181818177
26446,26501,0.6333333333333334
26478,26534,0.6129032258064516
26765,26820,0.6153846153846153
27014,27082,0.6774193548387097
27074,27131,0.5
27146,27201,0.4411764705882352
27164,27232,0.7241379310344828
27367,27425,0.7037037037037036
27498,27553,0.5555555555555556
27752,27813,0.78125
27776,27838,0.6595744680851063
28251,28313,0.6170212765957447
28387,28442,0.638888888888889
28494,28556,0.7435897435897435
28654,28708,0.7575757575757576
28725,28814,0.85
28852,28906,0.6363636363636365
28963,29017,0.7872340425531915
28990,29054,0.7674418604651163
29155,29216,0.8947368421052633
29209,29272,0.5
29266,29325,0.8214285714285715
29339,29414,0.6666666666666666
29524,29586,0.48780487804878053
29579,29650,0.5
29633,29707,0.7142857142857142
29670,29727,0.6333333333333334
29690,29744,0.5238095238095238
29714,29777,0.75
29767,29877,0.7945205479452055
29852,29882,1.0
